<?xml version="1.0" encoding="ASCII"?>
<flaxml:system xmlns:xsi="http://www.w3.org/2001/XMLSchema-instance" xmlns:flaxml="http://www.polarsys.org/chess/fla/flaxml">
  <flaxml:component xsi:type="flaxml:compositeComponent" id="model::modelSystemView::PowerSupply::PowerSupply" name="PowerSupply">
    <flaxml:inputPorts/>
    <flaxml:outputPorts>
      <flaxml:outputPort id="model::modelSystemView::PowerSupply::PowerSupply::voltage_dc_to_battery" name="voltage_dc_to_battery">
        <outputFailure type="noFailure"/>
      </flaxml:outputPort>
    </flaxml:outputPorts>
    <flaxml:connections>
      <flaxml:connection sourceComponent="model::modelSystemView::PowerSupply::PowerSupply::ProcessACSourceToDC" sourceId="model::modelSystemView::PowerSupply::ProcessACSourceToDC::out" targetComponent="model::modelSystemView::PowerSupply::PowerSupply" targetId="model::modelSystemView::PowerSupply::PowerSupply::voltage_dc_to_battery"/>
      <flaxml:connection sourceComponent="model::modelSystemView::PowerSupply::PowerSupply::EnergyACSource" sourceId="model::modelSystemView::PowerSupply::EnergyACSource::ElectricAC" targetComponent="model::modelSystemView::PowerSupply::PowerSupply::ProcessACSourceToDC" targetId="model::modelSystemView::PowerSupply::ProcessACSourceToDC::in"/>
    </flaxml:connections>
    <flaxml:components>
      <flaxml:component xsi:type="flaxml:simpleComponent" id="model::modelSystemView::PowerSupply::PowerSupply::ProcessACSourceToDC" name="ProcessACSourceToDC">
        <flaxml:inputPorts>
          <flaxml:inputPort id="model::modelSystemView::PowerSupply::ProcessACSourceToDC::in" name="in">
            <flaxml:inputFailure type="noFailure"/>
          </flaxml:inputPort>
        </flaxml:inputPorts>
        <flaxml:outputPorts>
          <flaxml:outputPort id="model::modelSystemView::PowerSupply::ProcessACSourceToDC::out" name="out">
            <outputFailure type="noFailure"/>
          </flaxml:outputPort>
        </flaxml:outputPorts>
        <flaxml:rules/>
      </flaxml:component>
      <flaxml:component xsi:type="flaxml:simpleComponent" id="model::modelSystemView::PowerSupply::PowerSupply::EnergyACSource" name="EnergyACSource">
        <flaxml:inputPorts/>
        <flaxml:outputPorts>
          <flaxml:outputPort id="model::modelSystemView::PowerSupply::EnergyACSource::ElectricAC" name="ElectricAC">
            <outputFailure type="noFailure"/>
          </flaxml:outputPort>
        </flaxml:outputPorts>
        <flaxml:rules/>
      </flaxml:component>
    </flaxml:components>
  </flaxml:component>
</flaxml:system>